keyword, gl_account_code
" ASHMUN ST SAULT ST. MAR MI",bgm:draw:fbreen
" HARDEES MUNISI NG",per:dining
" WINERY SAULT SAI MI",per:dining
" WINERY",per:dining
"# CLADDAGH LAN","bgm:proj exp:dining"
"*FINANCE CHARGE* PURCHASE",per:bank:fee
"- MAINTENANCE FEE",per:bank:fee
"A&K OUTDOOR SERVICES",mhb:maintenance
"AA PMT DEBIT TERMINAL ",TODO
"ACC ",csb:account
"ACC ",tax:account
"ACH CREDIT MERCH PMT HUNTINGTON",TODO
"ACH DEBIT USATAXPYMT IRS XXXXXXX",TODO
"ADVANCE AUTO PARTS ",bgm:proj_exp:equipment
"AIRGASS NORTH INDEPENDENCE OH",TODO
"ALPINE CHOCOLAT",TODO
"AMERICAN ","bgm:proj exp:lodging"
"AMERICINN LODGE","bgm:proj exp:lodging"
"AMERICINN MOTEL & SUITES MENOMIN","bgm:proj exp:lodging"
"ANDERSENS CAFE JOHNSTON CITY IL","bgm:proj exp:dining"
"ANGULAR ST BURLINGTON IA","bgm:proj exp:dining"
"ANOTHER BROKEN EGG - BATO BATON","bgm:proj exp:dining"
"ANYTIME FIT ABC CLUB FEES",TODO
"ANYTIME TOWING AND RSA",TODO
"APGO TORONTO CD",TODO
"ARDENE",per:household
"ARFSTROM PHARM",per:household
"AT&T WIRELESS",per:telecom:cell
"ATM USAGE FEES",per:bank:fee
"ATT PAYMENT",TODO
"ATT PAYMENT",per:telecom:cell
"AUDIBLE US",TODO
"AUGUSTI*NE FORMED.ORG",TODO
"AUGUSTI*NE FORMED.ORG",bgm:draw:fbreen
"AUSTIN S CIGAR",per:dining
"AUSTIN'S CIGAR LOUNGE",per:dining
"AUTOMATIC LOAN PAY - AUTOMATIC L",TODO
"AUTOMATIC LOAN PAY",TODO
"B BOUTIQUE",TODO
"BAILEY'S GENERA",TODO
"BAILEY'S MARKET",TODO
"BALANCE TRANSFER FOR ACCT ENDING",cash:account
"BANK FEE",TODO
"BANK FEE",per:bank:fee
"BANK OF AMERI PAYMENT",tax:account
"BARAGA EDUCATI ONAL CG",bgm:charity
"BARAGA LAKESIDE INN",TODO
"BARISHS BARISHS",TODO
"BARRE COUNTRY DINER",TODO
"BEACON & BRIDGE MRKT FREDERIC","bgm:proj exp:dining"
"BEACON BRIDG",TODO
"BEGGAR'S BANQUET EAST LANSING MI","bgm:proj exp:dining"
"BELLA LIQUOR AND WINE",TODO
"BEST BUY MOBIL",TODO
"BEST WESTERN/EAST LANS","bgm:proj exp:lodging"
"BIG BOY ","bgm:proj exp:dining"
"BIG BOY MANISTIQUE MANISTIQUE MI","bgm:proj exp:dining"
"BIG LOTS I ",TODO
"BIG LOTS I ",bgm:draw:fbreen
"BIG LOTS STORE",TODO
"BIG LOTS STORES",TODO
"BIG LOTS STORES",bgm:draw:fbreen
"BIG MUDDY'S BURLINGTON IA","bgm:proj exp:dining"
"BIGGBY COFFEE SAULT SAINTE","bgm:proj exp:dining"
"BIGGBY COFFEE STORE ",TODO
"BIGGBY COFFEE STORE GAYLORD","bgm:proj exp:dining"
"BIGGBY COFFEE","bgm:proj exp:dining"
"BIGGBY COFFEE",bgm:draw:fbreen
"BIGGBY COFFEE",per:dining
"BILL ME LATER",TODO
"BIRCH COMMUNCAT INVPMT",TODO
"BIRCH COMMUNICTN TELECOM SV",TODO
"BIRD S EYE OUT FITTER",per:dining
"BIRD S EYE OUT FITTERS",per:dining
"BIRD'S EYE OUT FITT",per:dining
"BISHOP BARAGA ASSOCIATION",TODO
"BLACK ROCK",TODO
"BLUE DOG CAFE LAFAYETTE LA","bgm:proj exp:dining"
"BOB EVANS REST BOWLING GRE","bgm:proj exp:dining"
"BOB EVANS REST GAYLORD MI","bgm:proj exp:dining"
"BOB EVANS REST MT VERNON I","bgm:proj exp:dining"
"BOURQUE'S SUPERMARK PORT BARRE L","bgm:proj exp:dining"
"BP#BARNEYS CONV M BOWLING",TODO
"BP#MANCELONA FD S MANCELO",TODO
"BP#ONKEN BP INDIANAPOLIS",TODO
"BP#RICKERS INDIANAPOL","bgm:proj exp:dining"
"BP#RICKERS INDIANAPOL",TODO
"BP#RICKERS PENDLETON","bgm:proj exp:dining"
"BP#TRI LAKE BP SARDIS MS",TODO
"BREEN GEOSCIENCE -",TODO
"BURGER KING Q",bgm:draw:fbreen
"BURGER KING Q",per:dining
"CAFE MOSAIC - OPELOUSA OPELOUSAS","bgm:proj exp:dining"
"CAFE VERMILIONVILLE LAFAYETTE LA","bgm:proj exp:dining"
"CALCULATED SERVICE CHARGE TYPE F",per:bank:fee
"CARDINAL STUDIOS LLC",TODO
"CARDINAL STUDIOS LLC",bgm:draw:fbreen
"CASEYS ","bgm:proj exp:dining"
"CASEYS BENTON BENTON IL","bgm:proj exp:dining"
"CASEYS MI","bgm:proj exp:dining"
"CASH ADVANCE FEE",TODO
"CATHOLIC SUPPLY OF ST L -",TODO
"CBS ALL ACCESS",TODO
"CBS ALL ACCESS",bgm:draw:fbreen
"CCMSPECIALXFER SPECIALACH",TODO
"CENEX PREMIER ",TODO
"CENTRAL SAVIN PAYMENT",TODO
"CENTRAL SAVINGS BANK -",TODO
"CENTRAL SAVINGS BANK",TODO
"CENTRAL SAVINGS",TODO
"CENTRAL SAVINGS",per:bank:fee
"CHARTER COMM -- MO",TODO
"CHARTER COMMUNIC CHARTER CO",TODO
"CHECK PRINTING FEE",TODO
"CHECK PRINTING FEE",per:bank:fee
"CHECK REFUND",TODO
"CHECKING WITHDRAWAL - CHECKS PAI",TODO
"CHEVRON LAFAYETTE LA",TODO
"CHEVRON MCCOMB MS",TODO
"CHEVRON PORT BARRE LA",TODO
"CHEVRON TOOELE UT",per:nv:lodging
"CHICAGO BOOKS & JOU --",TODO
"CHICAGO BOOKS & JOU --",bgm:draw:fbreen
"CHICK-FIL-A CORDELE GA","bgm:proj exp:dining"
"CHICK-FIL-A LAFAYETTE LA","bgm:proj exp:dining"
"CHINA CATE SAULT S MARIE MI",TODO
"CHINA CATE SAULT S MARIE MI",bgm:draw:fbreen
"CHINA CATE SAULT STE MI",per:dining
"CHINA CATE",TODO
"CHINA CATE",bgm:draw:fbreen
"CHINA CATE",per:dining
"CHIPPEWA COUNTY TREASURER -",TODO
"CHIPPEWA COUNTY TREASURER",TODO
"CHRISTIAN CARE MINISTR",TODO
"CHRISTIANCAREMIN PAID",per:insurance:health
"CHURCH MILITANT",TODO
"CHURCH MILITANT.TV",TODO
"CIRCLE K # ",TODO
"CIRCLE K # -- IA","bgm:proj exp:dining"
"CIRCLE K # KENTWOOD LA",TODO
"CIRCLE K # WINONA MS","bgm:proj exp:dining"
"CIRCLE K # WINONA MS",TODO
"CIRCLE K LAFAYETTE LA","bgm:proj exp:dining"
"CIRCLE K LAFAYETTE LA",TODO
"CIRCLE K TALLAHASSEE FL",TODO
"CITGO FOOD MART MACON GA",TODO
"CITGO POST CITGO BELMON",TODO
"CITY OF SAULT ST MARIE SAULT SAI",TODO
"CITY OF SAULT STE MARI",per:utility:water:parnell
"CITY SSM -",TODO
"CITY SSM",TODO
"CLOVERLAND ELECT WEB PMTS ",TODO
"CLOVERLAND ELECT WEB PMTS",TODO
"CLOVERLAND ELECT WEB PMTS",per:utility:electric:parnell
"CMSVEND*BE'S VENDING GREEN BAY W","bgm:proj exp:dining"
"COMFORT INN WARREN MI","bgm:proj exp:lodging"
"CONOCO - KINGSTON FOOD MA KNOXVI",TODO
"CONSUMERCELLULAR WEBPAYMENT",TODO
"CONTINUOUS OD CHARGE DAY",per:bank:fee
"CONTINUOUS OD CHARGE DAYS",per:bank:fee
"CORNER BAKERY MADISON MS","bgm:proj exp:dining"
"CORNER STORE LAFAYETTE LA",TODO
"CORPORATE ACH IR",TODO
"CORPORATE ACH STATE OF M MI UIA",TODO
"CORPORATE ACH USATAXPYMT IRS ",TODO
"COUNTRY INN & STES LAC",per:nv:lodging
"COUNTY EMMET CE",TODO
"COURTYARD BY MARRIOTT LANSING MI","bgm:proj exp:lodging"
"CRACKER BARREL BAY C BAY CI","bgm:proj exp:dining"
"CRACKER BARREL GAS C GAS CI","bgm:proj exp:dining"
"CRACKER BARREL JACKS JACKSO","bgm:proj exp:dining"
"CRACKER BARREL MT. VE MOUNT","bgm:proj exp:dining"
"CRACKER BARREL TE","bgm:proj exp:dining"
"CRACKER BARREL TERRE TERRE","bgm:proj exp:dining"
"CREDIT NIKLAS WOODARD SENDER ",TODO
"CREDIT UNION ONE EXTRANSFER ",TODO
"CSB LOAN PAYMENT - INTEREST",TODO
"CSB LOAN PAYMENT - PRINCIPLE",TODO
"CSB UNSECURED LOAN",TODO
"CUP OF THE DAY SAULT SAINT MI","bgm:proj exp:dining"
"CUP OF THE DAY","bgm:proj exp:dining"
"CUP OF THE DAY",bgm:draw:fbreen
"CUP OF THE DAY",per:dining
"CUSTOMIZED SERVICE --",TODO
"CUSTOMIZED SERVICE --",per:auto:maintenance
"CVS/PHARMACY #",TODO
"CVS/PHARMACY EAST LANSING","bgm:proj exp:dining"
"D AND D GROCERIES","bgm:proj exp:dining"
"D J*WALL-ST-JOU",TODO
"DAFTER LANDFILL DAFTER MI",TODO
"DAFTER LANDFILL DAFTER MI",bgm:draw:fbreen
"DAILY BURN, INC"
"DAILY BURN, INC."
"DAILY WIRE - TX",TODO
"DAILY WIRE - TX",bgm:draw:fbreen
"DAIRY QUEEN",TODO
"DALE HOORNSTRA",TODO
"DALE HORNSTRA BILL PAYMT ",TODO
"DAVID ALLEN",TODO
"DD DOORDASH KFC ",per:dining
"DDA CASH ADVANCE",TODO
"DDA CASH ADVANCE",cash:account
"DEBIT CLOVERLAND ELECT WEB PMTS",TODO
"DEBIT CLOVERLAND ELECT WEB PMTS",per:utility:electric:parnell
"DEBIT DTE ENERGY ",TODO
"DEBIT DTE ENERGY ",per:utility:electric:parnell
"DEBIT FEE TRANSACTIONAL",per:bank:fee
"DEBIT HARLAND CLARKE CHK ORDER ",per:bank:fee
"DEBIT MEMO - CHECKS PAID",per:bank:fee
"DEBIT MEMO",cash:account
"DEBIT PNP BILLPAYMENT EK ",TODO
"DEBIT PNP BILLPAYMENT EK ",per:utility:water:parnell
"DEBIT SOO FIREPLACE & BILL PAYMT",mhb:maintenance:711pine
"DEBIT SPECTRUM - DEBIT",per:telecom:cable
"DEEP WELL",TODO
"DELTA ",TODO
"DELTA AIR BELLEVUE",TODO
"DENNY'S EFFINGHAM","bgm:proj exp:dining"
"DEPOSIT - CREDIT",TODO
"DEPOSIT - CREDIT",cash:account
"DEPOSIT SALE OF DEPOT PROPERTY",TODO
"DEPOSIT TO CSB",TODO
"DEPOSIT WIRE LESS $ FEE CONNOR",TODO
"DEPOSIT WIRE LESS . FEE/ MIT",TODO
"DEPT. NATURAL RESOURCE - CGWP",TODO
"DETROIT AIPORT NEW BOSTO",TODO
"DICK'S CLOTHING&SPORTING OKEMOS",TODO
"DICK'S CLOTHING&SPORTING OKEMOS",bgm:draw:fbreen
"DODGE STORE BLYTHEVILLE AR",TODO
"DODGE STORE BLYTHEVILLE AR",per:auto:maintenance
"DOHERTY RESTAURANT",TODO
"DOLLAR TR S V",TODO
"DOLLAR TREE",TODO
"DOLLAR TREE",bgm:draw:fbreen
"DOMINO'S ","bgm:proj exp:dining"
"DON EARL HEATING -",TODO
"DOUD'S MARKET",per:dining
"DR CRAIG MERCER DDS SAULT S MARI",TODO
"DR. MERCER",TODO
"DR. OCONNOR",TODO
"DRIFTER'S FAMILY RESTA",per:dining
"DRIFTWOOD RESTAURA NT ",per:dining
"DROPBOX TZKBQGJLPC",TODO
"DT *DULUTH TRAD",TODO
"DT *DULUTH TRADING CO --",TODO
"DT *DULUTH TRADING CO",TODO
"DT *DULUTH TRADING CO",bgm:draw:fbreen
"DTE ELECTRIC CO ",TODO
"DTE ENERGY ",TODO
"DTE ENERGY ",per:utility:electric:parnell
"DTE ENERGY ",per:utility:gas:parnell
"DTE ENERGY - PR",TODO
"DULUTH TRADING STORE PORT WASHIN",TODO
"DULUTH TRADING STORE PORT WASHIN",bgm:draw:fbreen
"DULUTH TRADING",TODO
"DUNHAMS ",TODO
"DUNN BROTHERS COFFEE -",TODO
"EASY SAVINGS REBATE DROPBOX CASH",TODO
"EASY SAVINGS REBATE RBT AMERICIN","bgm:proj exp:lodging"
"EASY SAVINGS REBATE RBT BEACON &","bgm:proj exp:dining"
"EASY SAVINGS REBATE RBT BEACON &","bgm:proj exp:lodging"
"EASY SAVINGS REBATE RBT BP#","bgm:proj exp:dining"
"EASY SAVINGS REBATE RBT CASEYS B","bgm:proj exp:dining"
"EASY SAVINGS REBATE RBT CIRCLE K","bgm:proj exp:dining"
"EASY SAVINGS REBATE RBT MARATHON","bgm:proj exp:dining"
"EASY SAVINGS REBATE RBT PIZZA HU","bgm:proj exp:dining"
"EASY SAVINGS REBATE RBT SUNOCO ","bgm:proj exp:dining"
"EB CALL TO HOLINES S C ",bgm:charity
"EDGERLYS SEW N VAC",TODO
"EDGERLYS SEW N VAC",bgm:draw:fbreen
"EFT S/C REFUND SVC CHG REVERSAL",per:bank:fee
"EFT S/C SVC CHG INTRNTL TR AN -",per:bank:fee
"ENVIRONMENTAL SIMULATI",TODO
"EPICDEALSHOPCOM ES",TODO
"ERICKSON APPL N FURNITURE SAULT",TODO
"ESCROW AUTO-DISBURSEMENT",TODO
"ESCROW DISBURSEMENT",TODO
"ETERNAL LIFE - KY",TODO
"ETERNAL LIFE - KY",bgm:draw:fbreen
"EXPEDIA EXPEDIA.CO",TODO
"EXPERIAN *CREDITRE - C",TODO
"EXXONMOBIL ",TODO
"EXXONMOBIL BYRAM MS",TODO
"EXXONMOBIL CHARLESTON M",TODO
"EXXONMOBIL KAPLAN LA",TODO
"EXXONMOBIL KROTZ SPRING",TODO
"EXXONMOBIL LANSING MI",TODO
"EXXONMOBIL OCALA FL",TODO
"EXXONMOBIL RAPID RIVER",TODO
"EXXONMOBIL RUSSELL IL",TODO
"FB RENTAL PAYMENT",TODO
"FEE TRANSACTIONAL - PREA",per:bank:fee
"FEE TRANSACTIONAL",per:bank:fee
"FIREHOUSE SUBS LAFAYETTE LA","bgm:proj exp:dining"
"FIRST THINGS",TODO
"FIRST THINGS",bgm:draw:fbreen
"FLAP JACK SHACK","bgm:proj exp:dining"
"FLORES MARIAE GIFT SHO",TODO
"FLORES MARIAE GIFT SHO",per:nv:dining
"FLORES MARIAE GIFT SHO",per:nv:lodging
"FOTOFX ARK ENCOUNTER",TODO
"FOTOFX ARK ENCOUNTER",bgm:draw:fbreen
"FOUR SEASONS MK",TODO
"FOUR SEASONS MKT",TODO
"FRANCIS BREEN -",TODO
"FRANCIS BREEN",TODO
"FRANK BREEN ",TODO
"FRANK BREEN -",TODO
"FRANK BREEN -",tax:account
"FRANK BREEN",TODO
"FRANK BREEN",cash:account
"FRANKS PLACE - SAULT S SAULT SAI","bgm:proj exp:dining"
"FRANKS PLACE - SAULT S SAULT SAI",TODO
"FRANKS PLACE - SAULT S SAULT SAI",bgm:draw:fbreen
"FRANKS PLACE - SAULT S",bgm:draw:fbreen
"FRANKS PLACE - SAULT S",per:dining
"FRANKS PLACE SAULT SAINTE MI",TODO
"FRANKS PLACE SAULT SAINTE MI",bgm:draw:fbreen
"FRANKS PLACE",TODO
"FRANKS PLACE",bgm:draw:fbreen
"FRANKS PLACE",per:dining
"FROM DATE: --",TODO
"FUJI STEAK HOUS","bgm:proj exp:dining"
"GALAXY CINEMAS QPS SA",TODO
"GALAXY CINEMAS",TODO
"GATEWAY GIFTS",TODO
"GATOR COVE LAFAYETTE LA","bgm:proj exp:dining"
"GEODE ENVIRONMENTAL, LLC"
"GEOLOGICAL SURVEY -- I",TODO
"GEOTECH ENVIRON",TODO
"GERM PROOF INC",TODO
"GETZS DEPARTMENT STORE",TODO
"GETZS DEPARTMENT STORE",bgm:draw:fbreen
"GFL BRIMEY",TODO
"GFS STORE",per:groceries
"GOLDEN GATE BATTLE MOU",bgm:proj_exp:meals
"HOLIDAY STATIONS SA",TODO
"HUNTINGTON BP",TODO
"IRS USATAXPY",TODO
"JOSES MEXICAN REST AURANT",per:dining
"KRIST OIL ",TODO
"KRIST OIL SAULT SAI MI",TODO
"KRIST OIL",TODO
"LESAINTEMICHEL LE ?? S",TODO
"LESAINTEMICHEL LE",TODO
"LITTLE CAESARS",per:dining
"LOVE'S ST. CHARL MN",TODO
"MACKINAC ISLAND FE RRY SA",TODO
"MARATHON PETRO ",TODO
"MEIJER SAULT ST MI -",TODO
"MOLONEYS ALLEY SAULT SAI",per:dining
"ONOXA LLC FL -",TODO
"ORKIN LLC G",TODO
"PARKERS HARDWA","bgm:proj exp:equipment"
"PARKERS HARDWARE",mhb:maintenance:
"PAT S FOODS SAULT SAI MI",per:groceries
"PAT'S FOODS",per:groceries
"PAYPAL TAIMIFUMT A ",TODO
"PENNYS KITCHEN SAULT SAI",per:dining
"PERKINS RESTAU",per:nv:dining
"PERKINS RESTAURANT M",per:nv:dining
"PETES APPLIANC ES LLC",mhb:maintenance:711pine
"PETES APPLIANC ES LLCG",mhb:maintenance:711pine
"PILOT MURDO SD",per:auto:gas
"PRECISION AUTO",per:auto:maintenance
"PURE COUNTRY RESTA URANT",per:dining
"RINGOLDE GOSQ COM WA -",TODO
"RITE AID SAULT ST",TODO
"RJ S MARKET SAULT STE",per:groceries
"SAULT ST MARI E COUNSA",per:utility:water:parnell
"SERVICE PRO QUICK LUBE SA",per:auto:maintenance
"SOO CURLERS ASSOCI ATION",per:dining
"ST CD REPUBLI CA",TODO
"STAX CHLOE S BR IDAL SAUL",TODO
"STINKER",per:auto:gas
"SUPER MOTELS","bgm:proj exp:lodging"
"SUPERIOR COFFE E RO",per:dining
"TERMINAL SQ *BIRD'S EYE",per:dining
"TERRACE BAY HOTEL LLC GLADSTONE","bgm:proj exp:lodging"
"TEXAS ROADHOUSE","bgm:proj exp:dining"
"TFR FRM CHECKING",TODO
"TFR TO CHECKING",TODO
"THE BUBBLE ROOM",TODO
"THE CHOP HOUSE SMOKYS SEVIERVILL","bgm:proj exp:dining"
"THE DAILY WIRE",TODO
"THE GRAND - LAF LAFAYETTE LA","bgm:proj exp:dining"
"THE LANDMARK INN MARQUETTE MI","bgm:proj exp:lodging"
"THE MACHINE SHO",TODO
"THE MACHINE SHOP SAULT STE. MA C",TODO
"THE MACHINE SHOP SAULT STE. MA C",bgm:draw:fbreen
"THE NEAT COMPAN",TODO
"THE STONEHOUSE ESCANABA MI","bgm:proj exp:dining"
"THE STORE ESCANABA MI",TODO
"THEDRAKERESTAURANT BURLINGTON IA","bgm:proj exp:dining"
"THOSE CATHOLIC MEN INC",TODO
"THOSE CATHOLIC MEN INC",bgm:draw:fbreen
"TITANIC TENNESSEE ADMI",TODO
"TITANIC TENNESSEE ADMI",bgm:draw:fbreen
"TLF COED FLOWER",TODO
"TLF*COED FLOWERS AND G",TODO
"TLF*COED FLOWERS AND G",bgm:draw:fbreen
"TONY CHAMPION PA BILL PAYMT ",TODO
"TONY CHAMPION",TODO
"TOTAL RELATIONSHIP SERVICE FEE",TODO
"TRACTOR S ",TODO
"TRACTOR SUPPLY SA",TODO
"TRACTOR SUPPLY SAULT ST MAR",TODO
"TRACTOR SUPPLY",TODO
"TRACTOR-SUPPLY-CO SOUTH HA",TODO
"TRANSFER FROM CSB",TODO
"TRANSFER FROM DEPOSIT SYSTEM ACC",TODO
"TRANSFER TO CSB ACCOUNT",TODO
"TRANSFER TO LOAN NOTE ",TODO
"TRANSFER TO PNC TAX ACCOUNT",tax:account
"TRF FROM ACC ",TODO
"TRF FROM ACC - CREDIT",TODO
"TRF LOAN ACC NOTE NO ",TODO
"TRF TO LOAN ACCT NOTE NO ",TODO
"TST* GOOD RESTAURANT &",per:dining
"TST* JACK'S RESTAURANT RAPID RIV","bgm:proj exp:dining"
"TST* WINCHESTER S MACKINAC ISLA",TODO
"TST* WINCHESTER S MACKINAC ISLA",bgm:draw:fbreen
"TX BD OF PRO GEO RENEW FEE",TODO
"TYME CASH WITHDRAWAL TERMINAL T",cash:account
"TYME REGIONAL CASH WITHDRAWAL TE",cash:account
"U HAUL MOVING ST G OF DRE",TODO
"U HAULANYTIME TOWI NG AND",TODO
"U P TIRE SAULT S M MI",per:auto:maintenance
"U P TIRE",per:auto:maintenance
"UP NORTH NUTRITION",TODO
"URBAN-OUT EGRA",TODO
"US TREASURER - IRS",TODO
"US TREASURY",TODO
"USAA CHK-INTRNT TRANSFER",TODO
"USAA CREDIT CARD PAYMENT SAN ANT",TODO
"USAA CREDIT CARD PAYMENT SAN ANT",cash:account
"USAA MC PAYMENT",usaamc:credit
"USAA P&C AUTOPAY",per:insurance:auto
"USAA P&C EXT AUTOPAY",per:insurance:auto
"USAA P&C EXT",per:insurance:auto
"USAA.COM PAY EXT LIFE",TODO
"USAA.COM PAY EXT LIFE",per:insurance:life:fb
"USAA.COM PAYMNT CREDIT CRD",TODO
"USAA.COM PAYMNT CREDIT CRD",usaamc:credit
"VALUE VILLAGE ",TODO
"VALUE VILLAGE ",bgm:draw:fbreen
"VERN MIRON",TODO
"VISTAPRINT MA -",TODO
"VISTAPRINT MA",TODO
"WACKY WINGS EATERY & B",TODO
"WAL-MART CARENCRO LA","bgm:proj exp:dining"
"WAL-MART LAFAYETTE LA","bgm:proj exp:dining"
"WAL-MART MARION IN","bgm:proj exp:dining"
"WAL-MART OKEMOS MI","bgm:proj exp:dining"
"WAL-MART SAULT SAINTE MI",TODO
"WAL-MART SAULT SAINTE MI",bgm:draw:fbreen
"WAL-MART SEVIERVILLE TN","bgm:proj exp:dining"
"WAL-MART SOUTH HAVEN MI","bgm:proj exp:dining"
"WAL-MART SUPER CEN","bgm:proj exp:dining"
"WAL-MART SUPER CEN",TODO
"WAL-MART SUPER CENTER","bgm:proj exp:dining"
"WAL-MART SUPER CENTER",TODO
"WAL-MART SUPER",TODO
"WAL-MART SUPERCENTER",TODO
"WAL-MART WALKER LA","bgm:proj exp:dining"
"WAL-MART","bgm:proj exp:dining"
"WAL-MART",bgm:draw:fbreen
"WAL-MART",per:groceries
"WALGREENS SAULT S M",TODO
"WALGREENS SAULT S MARIE M",TODO
"WALGREENS SAULT S MARIE M",bgm:draw:fbreen
"WALGREENS STOR",TODO
"WALGREENS STOR",bgm:draw:fbreen
"WALGREENS STORE ",TODO
"WALGREENS STORE",TODO
"WALGREENS",TODO
"WALGREENS",bgm:draw:fbreen
"WALL ST. JOURNAL",TODO
"WAR MEMORIAL",TODO
"WESTWOOD INN & SUITES",per:nv:lodging
"WHITETAIL CROSSING TOMAHT",per:auto:gas
"WIRE LESS . FEE/ MITCHEL GOR",TODO
"WIRE LESS . FEE/ MITCHELL GO",TODO
"WISE OWL TECHNO",TODO
"WISE OWL TECHNOLOGIES -",TODO
"WISE OWL TECHNOLOGIES SAULT SAIN",TODO
"WISE OWL TECHNOLOGIES",TODO
"WM SUPERC WAL-MART",TODO
"WM SUPERCENTER BREAUX BRIDG","bgm:proj exp:dining"
"WM SUPERCENTER CARENCRO LA","bgm:proj exp:dining"
"WM SUPERCENTER LAFAYETTE L","bgm:proj exp:dining"
"WM SUPERCENTER SOUTH HAVEN","bgm:proj exp:dining"
"WM SUPERCENTER","bgm:proj exp:dining"
"WM SUPERCENTER",TODO
"WM SUPERCENTER",bgm:draw:fbreen
"WM SUPERCENTER",per:groceries
"WOODLAKE MARKET KOHLER WI","bgm:proj exp:dining"
"WPY*DEANA COWLEY",TODO
"WPY*DEANA COWLEY",bgm:draw:fbreen
"XMIND LTD CENTRAL HK",TODO
"YESWAY EDGEMONT SD -",per:auto:gas
"YOUNKERS",TODO
"YOUNKERS",bgm:draw:fbreen
"YPS*HOMEAWAY HA-RZQLH --",TODO
"YPS*HOMEAWAY HA-RZQLH --",bgm:draw:fbreen
"ZOOM.US --",TODO
"ZORBAS GREEK AMERI CAN RE",per:dining
"ZORBAS GREEK AMERICAN",TODO
"ZORBAS GREEK AMERICAN",bgm:draw:fbreen
"ZORBAS GREEK AMERICAN",per:dining
"ZURICH AMERICAN PAYMENTS",TODO
,TODO
,per:dining
ACH/AUTOPAYMENT,TODO
ADJUSTMENT,TODO
AIRBNB,bmg:proj_exp:lodging
ALBERT,TODO
ALLY,TODO
AMAZON,TODO
APPLEBEES,"bgm:proj exp:dining"
BALANCE,TODO
BLS*BALTSOFT,TODO
BP#BADGE,TODO
BP#GIRI,TODO
BP#HAPPY,TODO
BP#HOLLY,TODO
BP,per:auto:gas
BP,per:bank:fee
CARE.CITRIXONLI,TODO
CASH,TODO
CASH,cash:account
CASHWITHDRAWAL,cash:account
CENEX,per:nv:dining
CHANDLER'S,TODO
CHECK,TODO
CHECK,cash:account
CSB,TODO
DEPOSIT,TODO
DEPOSIT,bgm:ar
DEPOSIT,cash:account
DNH*GODADDY.COM,TODO
DUNHAMS,TODO
ESCROW,TODO
EXPRESSVPN.COM,TODO
FEE,per:bank:fee
GEOTECH,TODO
KOHLS,TODO
OVERDRAFT,per:bank:fee
SHELL,per:auto:gas
TRANSFER,TODO
UDEMY,TODO
W/DRAWL,TODO
W/DRAWL,cash:account
WAL-MART,TODO
WALGREENS,TODO
WENDOVER,per:auto:gas
WITHDRAWAL,TODO
WITHDRAWAL,cash:account
WITHDRAWAL,per:bank:fee
WITHDRAWAL,tax:account
WPY*GOFUNDME,TODO
WPY*GOFUNDME,bgm:draw:fbreen
YESWAY,per:auto:gas
broad_keyword,gl_account_code
