keyword,gl_account_code
"#4 CLADDAGH LAN","bgm:proj exp:dining"
"*FINANCE CHARGE* PURCHASE",per:bank:fee
"- MAINTENANCE FEE",per:bank:fee
"1668 WINERY",per:dining
"1668 WINERY SAULT SAI MI",per:dining
"1st CD Republi ca",TODO
"307 HARDEES MUNISI NG",per:dining
"511 ASHMUN ST SAULT ST. MAR MI",bgm:draw:fbreen
"A&K Outdoor Services",mhb:maintenance
"A2A PMT DEBIT TERMINAL 0002 1234",TODO
"ACC 193102",csb:account
"ACC 5567854",tax:account
"ACH Credit Merch Pmt Huntington",TODO
"ACH Debit Usataxpymt IRS XXXXXXX",TODO
ACH/autopayment,TODO
ACH/autopayment,TODO
ACH/autopayment,TODO
adjustment,TODO
"ADVANCE AUTO PARTS 628",bgm:proj_exp:equipment
AIRBNB,bmg:proj_exp:lodging
"AIRGASS NORTH INDEPENDENCE OH",TODO
Albert,TODO
ALLY,TODO
"ALPINE CHOCOLAT",TODO
AMAZON,TODO
"AMERICAN 0018039500543","bgm:proj exp:lodging"
"AMERICINN LODGE","bgm:proj exp:lodging"
"AMERICINN MOTEL & SUITES MENOMIN","bgm:proj exp:lodging"
"ANDERSENS CAFE JOHNSTON CITY IL","bgm:proj exp:dining"
"ANGULAR ST BURLINGTON IA","bgm:proj exp:dining"
"ANOTHER BROKEN EGG - BATO BATON","bgm:proj exp:dining"
"ANYTIME FIT ABC CLUB FEES",TODO
"ANYTIME TOWING AND RSA",TODO
"APGO TORONTO CD",TODO
APPLEBEES,"bgm:proj exp:dining"
"ARDENE #138",per:household
"ARFSTROM PHARM",per:household
"AT&T WIRELESS",per:telecom:cell
"ATM USAGE FEES",per:bank:fee
"ATT              Payment",per:telecom:cell
"ATT Payment",per:telecom:cell
"ATT Payment",TODO
"Audible US",TODO
"AUGUSTI*NE FORMED.ORG",bgm:draw:fbreen
"AUGUSTI*NE FORMED.ORG",TODO
"AUSTIN S CIGAR",per:dining
"AUSTIN'S CIGAR LOUNGE",per:dining
"AUTOMATIC LOAN PAY",TODO
"AUTOMATIC LOAN PAY",TODO
"AUTOMATIC LOAN PAY",TODO
"AUTOMATIC LOAN PAY - AUTOMATIC L",TODO
"AUTOMATIC LOAN PAY - AUTOMATIC L",TODO
"B BOUTIQUE",TODO
"BAILEY'S GENERA",TODO
"BAILEY'S MARKET",TODO
balance,TODO
"BALANCE TRANSFER FOR ACCT ENDING",cash:account
"bank fee",per:bank:fee
"bank fee",TODO
"BANK OF AMERI PAYMENT",tax:account
"BARAGA EDUCATI ONAL Cg",bgm:charity
"BARAGA LAKESIDE INN",TODO
"BARISHS BARISHS",TODO
"BARRE COUNTRY DINER",TODO
"BEACON & BRIDGE MRKT28 FREDERIC","bgm:proj exp:dining"
"BEACON BRIDG02000115",TODO
"BEGGAR'S BANQUET EAST LANSING MI","bgm:proj exp:dining"
"BELLA LIQUOR AND WINE",TODO
"BEST BUY MOBIL",TODO
"BEST WESTERN/EAST LANS","bgm:proj exp:lodging"
"BIG BOY 0014","bgm:proj exp:dining"
"BIG BOY MANISTIQUE MANISTIQUE MI","bgm:proj exp:dining"
"BIG LOTS 3396 I 7",bgm:draw:fbreen
"BIG LOTS 3396 I 7",TODO
"BIG LOTS STORE",TODO
"BIG LOTS STORES",TODO
"BIG LOTS STORES - #170",bgm:draw:fbreen
"BIG LOTS STORES - #170",TODO
"BIG LOTS STORES - #170",TODO
"BIG MUDDY'S BURLINGTON IA","bgm:proj exp:dining"
"BIGGBY COFFEE #230","bgm:proj exp:dining"
"BIGGBY COFFEE #351",bgm:draw:fbreen
"BIGGBY COFFEE #351","bgm:proj exp:dining"
"BIGGBY COFFEE #351",per:dining
"BIGGBY COFFEE #351 SAULT SAINTE","bgm:proj exp:dining"
"BIGGBY COFFEE STORE 54",TODO
"BIGGBY COFFEE STORE 542 GAYLORD","bgm:proj exp:dining"
"BILL ME LATER",TODO
"BIRCH COMMUNCAT INVPMT",TODO
"BIRCH COMMUNICTN TELECOM SV",TODO
"BIRD S EYE OUT FITTER",per:dining
"BIRD S EYE OUT FITTERS",per:dining
"BIRD'S EYE OUT FITT",per:dining
"Bishop Baraga Association",TODO
"Black Rock",TODO
BLS*BALTSOFT370,TODO
"BLUE DOG CAFE LAFAYETTE LA","bgm:proj exp:dining"
"BOB EVANS REST #0170 BOWLING GRE","bgm:proj exp:dining"
"BOB EVANS REST #0326 GAYLORD MI","bgm:proj exp:dining"
"BOB EVANS REST #0401 MT VERNON I","bgm:proj exp:dining"
"BOURQUE'S SUPERMARK PORT BARRE L","bgm:proj exp:dining"
BP,per:auto:gas
BP,per:bank:fee
BP#1062100GIRI,TODO
BP#5986252HAPPY,TODO
BP#7841059HOLLY,TODO
"BP#8524456MANCELONA FD S MANCELO",TODO
BP#8592305BADGE,TODO
"BP#8595407ONKEN BP INDIANAPOLIS",TODO
"BP#8729402RICKERS #24 PENDLETON","bgm:proj exp:dining"
"BP#8833196RICKERS #38 INDIANAPOL","bgm:proj exp:dining"
"BP#8833196RICKERS #38 INDIANAPOL",TODO
"BP#9150376BARNEYS CONV M BOWLING",TODO
"BP#9216532TRI LAKE BP SARDIS MS",TODO
"Breen GeoScience -",TODO
"BURGER KING #11714 Q07",bgm:draw:fbreen
"BURGER KING #11714 Q07",per:dining
"CAFE MOSAIC - OPELOUSA OPELOUSAS","bgm:proj exp:dining"
"CAFE VERMILIONVILLE LAFAYETTE LA","bgm:proj exp:dining"
"CALCULATED SERVICE CHARGE TYPE F",per:bank:fee
"CARDINAL STUDIOS LLC",bgm:draw:fbreen
"CARDINAL STUDIOS LLC",TODO
CARE.CITRIXONLI,TODO
"CASEYS #2342 3105","bgm:proj exp:dining"
"CASEYS #3534 74 MI","bgm:proj exp:dining"
"CASEYS BENTON BENTON IL","bgm:proj exp:dining"
Cash,cash:account
cash,cash:account
cash,TODO
"CASH ADVANCE FEE",TODO
CASHWITHDRAWAL,cash:account
"CATHOLIC SUPPLY OF ST L 314-6440",TODO
"CBS ALL ACCESS",bgm:draw:fbreen
"CBS ALL ACCESS",TODO
"CCMSpecialXfer SPECIALACH",TODO
"CCMSpecialXfer SPECIALACH",TODO
CENEX,per:nv:dining
"CENEX PREMIER 0",TODO
"CENTRAL SAVIN PAYMENT",TODO
"CENTRAL SAVINGS",per:bank:fee
"CENTRAL SAVINGS",TODO
"Central Savings Bank",TODO
"Central Savings Bank",TODO
"Central Savings Bank",TODO
"Central Savings Bank",TODO
"Central Savings Bank",TODO
"Central Savings Bank",TODO
"Central Savings Bank -",TODO
"Central Savings Bank -",TODO
CHANDLER'S,TODO
"CHARTER COMM 888-438-2427 MO",TODO
"CHARTER COMMUNIC CHARTER CO",TODO
"CHARTER COMMUNIC CHARTER CO",TODO
"CHARTER COMMUNIC CHARTER CO",TODO
CHECK,cash:account
check,TODO
CHECK,TODO
"Check Printing Fee",per:bank:fee
"Check Printing Fee",TODO
"CHECK REFUND",TODO
"CHECKING WITHDRAWAL - Checks Pai",TODO
"CHEVRON 0046369 MCCOMB MS",TODO
"CHEVRON 0072862 TOOELE UT",per:nv:lodging
"CHEVRON 0205821 LAFAYETTE LA",TODO
"CHEVRON 0205821 LAFAYETTE LA",TODO
"CHEVRON 0205833 PORT BARRE LA",TODO
"CHEVRON 0304519 LAFAYETTE LA",TODO
"CHICAGO BOOKS & JOU 800-621-2736",bgm:draw:fbreen
"CHICAGO BOOKS & JOU 800-621-2736",TODO
"CHICK-FIL-A #02327 LAFAYETTE LA","bgm:proj exp:dining"
"CHICK-FIL-A #02972 CORDELE GA","bgm:proj exp:dining"
"CHINA CATE",bgm:draw:fbreen
"CHINA CATE",per:dining
"CHINA CATE",TODO
"CHINA CATE SAULT S MARIE MI",bgm:draw:fbreen
"CHINA CATE SAULT S MARIE MI",TODO
"CHINA CATE SAULT STE MI",per:dining
"Chippewa County Treasurer",TODO
"Chippewa County Treasurer -",TODO
"Chippewa County Treasurer -",TODO
"Chippewa County Treasurer -",TODO
"Chippewa County Treasurer -",TODO
"CHRISTIAN CARE MINISTR",TODO
"ChristianCareMin PAID",per:insurance:health
"CHURCH MILITANT",TODO
"CHURCH MILITANT",TODO
"CHURCH MILITANT.TV",TODO
"CIRCLE K # 0660",TODO
"CIRCLE K # 06604",TODO
"CIRCLE K # 06604 319-752-7133 IA","bgm:proj exp:dining"
"CIRCLE K # 06604 4",TODO
"CIRCLE K # 21530 WINONA MS","bgm:proj exp:dining"
"CIRCLE K # 21530 WINONA MS",TODO
"CIRCLE K # 23988 KENTWOOD LA",TODO
"CIRCLE K 01691 LAFAYETTE LA","bgm:proj exp:dining"
"CIRCLE K 01691 LAFAYETTE LA",TODO
"CIRCLE K 01691 LAFAYETTE LA",TODO
"CIRCLE K 05988 TALLAHASSEE FL",TODO
"CITGO 13224032 POST CITGO BELMON",TODO
"CITGO FOOD MART #11 MACON GA",TODO
"CITY OF SAULT ST MARIE SAULT SAI",TODO
"CITY OF SAULT STE MARI",per:utility:water:parnell
"City SSM",TODO
"City SSM -",TODO
"Cloverland Elect WEB PMTS",per:utility:electric:parnell
"Cloverland Elect WEB PMTS",TODO
"Cloverland Elect WEB PMTS 230502",TODO
"CMSVEND*BE'S VENDING GREEN BAY W","bgm:proj exp:dining"
"COMFORT INN WARREN MI","bgm:proj exp:lodging"
"CONOCO - KINGSTON FOOD MA KNOXVI",TODO
"CONSUMERCELLULAR WEBPAYMENT",TODO
"CONTINUOUS OD CHARGE - 01 DAY",per:bank:fee
"CONTINUOUS OD CHARGE - 03 DAYS",per:bank:fee
"CORNER BAKERY 0290 MADISON MS","bgm:proj exp:dining"
"CORNER STORE 1729 LAFAYETTE LA",TODO
"CORPORATE ACH 270845121940383 IR",TODO
"CORPORATE ACH 270845153653073 IR",TODO
"CORPORATE ACH 270870315249065 IR",TODO
"Corporate ACH State Of M Mi Uia",TODO
"Corporate ACH Usataxpymt IRS 270",TODO
"COUNTRY INN & STES LAC",per:nv:lodging
"COUNTY EMMET CE",TODO
"COURTYARD BY MARRIOTT LANSING MI","bgm:proj exp:lodging"
"CRACKER BARREL #139 JACKS JACKSO","bgm:proj exp:dining"
"CRACKER BARREL #156 TE","bgm:proj exp:dining"
"CRACKER BARREL #156 TERRE TERRE","bgm:proj exp:dining"
"CRACKER BARREL #393 GAS C GAS CI","bgm:proj exp:dining"
"CRACKER BARREL #538 BAY C BAY CI","bgm:proj exp:dining"
"CRACKER BARREL #93 MT. VE MOUNT","bgm:proj exp:dining"
"CREDIT NIKLAS WOODARD SENDER 658",TODO
"CREDIT NIKLAS WOODARD SENDER 664",TODO
"CREDIT NIKLAS WOODARD SENDER 668",TODO
"CREDIT NIKLAS WOODARD SENDER 675",TODO
"CREDIT NIKLAS WOODARD SENDER 680",TODO
"CREDIT NIKLAS WOODARD SENDER 686",TODO
"Credit Union ONE extransfer 2301",TODO
csb,TODO
csb,TODO
csb,TODO
csb,TODO
csb,TODO
csb,TODO
csb,TODO
csb,TODO
"CSB Loan Payment - Interest",TODO
"CSB Loan Payment - Principle",TODO
"CSB Unsecured Loan",TODO
"CSB Unsecured Loan",TODO
"CUP OF THE DAY",bgm:draw:fbreen
"CUP OF THE DAY","bgm:proj exp:dining"
"CUP OF THE DAY",per:dining
"CUP OF THE DAY SAULT SAINT MI","bgm:proj exp:dining"
"CUSTOMIZED SERVICE 858-810-2000",per:auto:maintenance
"CUSTOMIZED SERVICE 858-810-2000",TODO
"CVS/PHARMACY #",TODO
"CVS/PHARMACY #08282 EAST LANSING","bgm:proj exp:dining"
"D AND D GROCERIES14002","bgm:proj exp:dining"
"D J*WALL-ST-JOU",TODO
"DAFTER LANDFILL DAFTER MI",bgm:draw:fbreen
"DAFTER LANDFILL DAFTER MI",TODO
"DAILY BURN, INC",TODO
"DAILY BURN, INC.",TODO
"DAILY WIRE 817-8503600 TX",bgm:draw:fbreen
"DAILY WIRE 817-8503600 TX",TODO
"DAIRY QUEEN #13",TODO
"Dale Hoornstra",TODO
"Dale Hoornstra",TODO
"DALE HORNSTRA BILL PAYMT 0514005",TODO
"DAVID ALLEN",TODO
"DD DOORDASH KFC 855 973 1",per:dining
"DDA CASH ADVANCE",cash:account
"DDA CASH ADVANCE",TODO
"DEBIT Cloverland Elect WEB PMTS",per:utility:electric:parnell
"DEBIT Cloverland Elect WEB PMTS",TODO
"DEBIT DTE Energy 800477474 23071",per:utility:electric:parnell
"DEBIT DTE Energy 800477474 23071",TODO
"DEBIT DTE Energy 800477474 23072",per:utility:electric:parnell
"DEBIT DTE Energy 800477474 23091",per:utility:electric:parnell
"DEBIT DTE Energy 800477474 23101",per:utility:electric:parnell
"DEBIT DTE Energy 800477474 23101",TODO
"DEBIT DTE Energy 800477474 23111",per:utility:electric:parnell
"DEBIT DTE Energy 800477474 23121",per:utility:electric:parnell
"DEBIT FEE  230712 TRANSACTIONAL",per:bank:fee
"DEBIT HARLAND CLARKE CHK ORDER 2",per:bank:fee
"debit memo",cash:account
"DEBIT MEMO - Checks Paid",per:bank:fee
"DEBIT PNP BILLPAYMENT 071023EK 2",per:utility:water:parnell
"DEBIT PNP BILLPAYMENT 072123EK 2",per:utility:water:parnell
"DEBIT PNP BILLPAYMENT 081723EK 2",per:utility:water:parnell
"DEBIT PNP BILLPAYMENT 081723EK 2",TODO
"DEBIT PNP BILLPAYMENT 091223EK 2",TODO
"DEBIT PNP BILLPAYMENT 100623EK 2",per:utility:water:parnell
"DEBIT PNP BILLPAYMENT 110923EK 2",per:utility:water:parnell
"DEBIT PNP BILLPAYMENT 111523EK 2",TODO
"DEBIT PNP BILLPAYMENT 121623EK 2",per:utility:water:parnell
"DEBIT SOO FIREPLACE & BILL PAYMT",mhb:maintenance:711pine
"DEBIT SPECTRUM 230807 - Debit",per:telecom:cable
"DEBIT SPECTRUM 230913 - Debit",per:telecom:cable
"Deep Well",TODO
"DELTA 0068023510735",TODO
"DELTA AIR 0068624198758 BELLEVUE",TODO
"DENNY'S #8632 18007336 EFFINGHAM","bgm:proj exp:dining"
DEPOSIT,bgm:ar
DEPOSIT,cash:account
deposit,cash:account
DEPOSIT,TODO
DEPOSIT,TODO
Deposit,TODO
DEPOSIT,TODO
"DEPOSIT - Credit",cash:account
"DEPOSIT - Credit",TODO
"DEPOSIT - Credit",TODO
"DEPOSIT sale of Depot Property",TODO
"deposit to CSB",TODO
"DEPOSIT WIRE LESS $10 FEE CONNOR",TODO
"DEPOSIT WIRE LESS 10.00 FEE/ MIT",TODO
"Dept. Natural Resource - CGWP",TODO
"DETROIT AIPORT NEW BOSTO",TODO
"DICK'S CLOTHING&SPORTING OKEMOS",bgm:draw:fbreen
"DICK'S CLOTHING&SPORTING OKEMOS",TODO
DNH*GODADDY.COM,TODO
DNH*GODADDY.COM,TODO
"DODGE STORE 6201 BLYTHEVILLE AR",per:auto:maintenance
"DODGE STORE 6201 BLYTHEVILLE AR",TODO
"DOHERTY RESTAURANT",TODO
"DOLLAR TR 9760 S V",TODO
"DOLLAR TREE",bgm:draw:fbreen
"DOLLAR TREE",TODO
"DOLLAR TREE",TODO
"DOMINO'S 1166","bgm:proj exp:dining"
"Don Earl Heating -",TODO
"DOUD'S MARKET",per:dining
"DR CRAIG MERCER DDS SAULT S MARI",TODO
"Dr. Mercer",TODO
"Dr. OConnor",TODO
"DRIFTER'S FAMILY RESTA",per:dining
"DRIFTWOOD RESTAURA NT 906",per:dining
"DROPBOX TZ7KBQ4GJLPC",TODO
"DT *DULUTH TRAD",TODO
"DT *DULUTH TRADING CO",bgm:draw:fbreen
"DT *DULUTH TRADING CO",TODO
"DT *DULUTH TRADING CO",TODO
"DT *DULUTH TRADING CO 877-382-23",TODO
"DTE ELECTRIC CO 8004774747",TODO
"DTE Energy 800477474",per:utility:electric:parnell
"DTE Energy 800477474",per:utility:gas:parnell
"DTE Energy 800477474",TODO
"DTE Energy 800477474",TODO
"DTE Energy 800477474 230501 - PR",TODO
"DTE Energy 800477474 230501 - PR",TODO
"DULUTH TRADING",TODO
"DULUTH TRADING STORE PORT WASHIN",bgm:draw:fbreen
"DULUTH TRADING STORE PORT WASHIN",TODO
DUNHAMS,TODO
"DUNHAMS 139",TODO
"DUNN BROTHERS COFFEE -",TODO
"EASY SAVINGS REBATE DROPBOX CASH",TODO
"EASY SAVINGS REBATE RBT AMERICIN","bgm:proj exp:lodging"
"EASY SAVINGS REBATE RBT BEACON &","bgm:proj exp:dining"
"EASY SAVINGS REBATE RBT BEACON &","bgm:proj exp:lodging"
"EASY SAVINGS REBATE RBT BP#59864","bgm:proj exp:dining"
"EASY SAVINGS REBATE RBT CASEYS B","bgm:proj exp:dining"
"EASY SAVINGS REBATE RBT CIRCLE K","bgm:proj exp:dining"
"EASY SAVINGS REBATE RBT MARATHON","bgm:proj exp:dining"
"EASY SAVINGS REBATE RBT PIZZA HU","bgm:proj exp:dining"
"EASY SAVINGS REBATE RBT SUNOCO 0","bgm:proj exp:dining"
"EB CALL TO HOLINES S C 80",bgm:charity
"EDGERLYS SEW N VAC",bgm:draw:fbreen
"EDGERLYS SEW N VAC",TODO
"EFT S/C REFUND SVC CHG REVERSAL",per:bank:fee
"EFT S/C SVC CHG INTRNTL TR AN -",per:bank:fee
"ENVIRONMENTAL SIMULATI",TODO
"EPICDEALSHOPCOM 8778877815 ES",TODO
"ERICKSON APPL N FURNITURE SAULT",TODO
escrow,TODO
escrow,TODO
"Escrow auto-disbursement",TODO
"Escrow disbursement",TODO
"Escrow disbursement",TODO
"ETERNAL LIFE 502-3483963 KY",bgm:draw:fbreen
"ETERNAL LIFE 502-3483963 KY",TODO
"EXPEDIA 7267955799553 EXPEDIA.CO",TODO
"EXPERIAN *CREDITRE 866-7511320 C",TODO
EXPRESSVPN.COM,TODO
"EXXONMOBIL 45304169 KROTZ SPRING",TODO
"EXXONMOBIL 47715560 BYRAM MS",TODO
"EXXONMOBIL 47915392 KAPLAN LA",TODO
"EXXONMOBIL 48014864 CHARLESTON M",TODO
"EXXONMOBIL 9",TODO
"EXXONMOBIL 96126230 LANSING MI",TODO
"EXXONMOBIL 97416531 OCALA FL",TODO
"EXXONMOBIL 97430482 RAPID RIVER",TODO
"EXXONMOBIL 97670137 RUSSELL IL",TODO
"FB4 Rental Payment",TODO
Fee,per:bank:fee
"FEE  230105 TRANSACTIONAL",per:bank:fee
"FEE  230310 TRANSACTIONAL - PREA",per:bank:fee
"FEE  230405 TRANSACTIONAL - PREA",per:bank:fee
"FIREHOUSE SUBS #11 LAFAYETTE LA","bgm:proj exp:dining"
"FIRST THINGS",bgm:draw:fbreen
"FIRST THINGS",TODO
"FLAP JACK SHACK","bgm:proj exp:dining"
"FLORES MARIAE GIFT SHO",per:nv:dining
"FLORES MARIAE GIFT SHO",per:nv:lodging
"FLORES MARIAE GIFT SHO",TODO
"FOTOFX ARK ENCOUNTER",bgm:draw:fbreen
"FOTOFX ARK ENCOUNTER",TODO
"FOUR SEASONS MK",TODO
"FOUR SEASONS MKT",TODO
"Francis Breen",TODO
"Francis Breen",TODO
"Francis Breen -",TODO
"Frank Breen",cash:account
"Frank Breen",TODO
"Frank Breen",TODO
"Frank Breen",TODO
"Frank Breen",TODO
"Frank Breen",TODO
"Frank Breen",TODO
"Frank Breen",TODO
"Frank Breen -",tax:account
"Frank Breen -",TODO
"Frank Breen 4",TODO
"FRANKS PLACE",bgm:draw:fbreen
"FRANKS PLACE",per:dining
"FRANKS PLACE",per:dining
"FRANKS PLACE",TODO
"FRANKS PLACE - SAULT S",bgm:draw:fbreen
"FRANKS PLACE - SAULT S",per:dining
"FRANKS PLACE - SAULT S SAULT SAI",bgm:draw:fbreen
"FRANKS PLACE - SAULT S SAULT SAI","bgm:proj exp:dining"
"FRANKS PLACE - SAULT S SAULT SAI",TODO
"FRANKS PLACE SAULT SAINTE MI",bgm:draw:fbreen
"FRANKS PLACE SAULT SAINTE MI",TODO
"FROM 00000193102 DATE: 12-19-23",TODO
"FUJI STEAK HOUS","bgm:proj exp:dining"
"GALAXY CINEMAS7",TODO
"GALAXY CINEMAS7266 QPS SA",TODO
"GATEWAY GIFTS",TODO
"GATOR COVE LAFAYETTE LA","bgm:proj exp:dining"
"Geode Environmental, LLC",TODO
"GEOLOGICAL SURVEY 812-855-5950 I",TODO
GEOTECH,TODO
"GEOTECH ENVIRON",TODO
"Germ Proof Inc",TODO
"GETZS DEPARTMENT STORE",bgm:draw:fbreen
"GETZS DEPARTMENT STORE",TODO
"GFL BRIMEY",TODO
"GFS STORE #0923",per:groceries
"GOLDEN GATE BATTLE MOU",bgm:proj_exp:meals
"HOLIDAY STATIONS 0 262 SA",TODO
"HUNTINGTON BP",TODO
"IRS USATAXPY",TODO
"JOSES MEXICAN REST AURANT",per:dining
KOHLS,TODO
"KRIST OIL",TODO
"KRIST OIL  35 0100 0306",TODO
"KRIST OIL 35 SAULT SAI MI",TODO
"LESAINTEMICHEL LE",TODO
"LESAINTEMICHEL LE ?? S",TODO
"LITTLE CAESARS",per:dining
"LOVE'S #844 ST. CHARL MN",TODO
"MACKINAC ISLAND FE RRY SA",TODO
"MARATHON PETRO2613 54",TODO
"MEIJER 293 SAULT ST MI -",TODO
"MOLONEYS ALLEY SAULT SAI",per:dining
"ONOXA  LLC 888 68829 FL -",TODO
"ORKIN LLC 002 877 620 8 G",TODO
OVERDRAFT,per:bank:fee
"PARKERS HARDWA","bgm:proj exp:equipment"
"PARKERS HARDWARE",mhb:maintenance:
"PAT S FOODS SAULT SAI MI",per:groceries
"PAT'S FOODS",per:groceries
"PAYPAL TAIMIFUMT2 A 402 9",TODO
"PAYPAL TAIMIFUMT2 A 402 9",TODO
"PENNYS KITCHEN SAULT SAI",per:dining
"PERKINS RESTAU",per:nv:dining
"PERKINS RESTAURANT 3714 M",per:nv:dining
"PETES APPLIANC ES LLC",mhb:maintenance:711pine
"PETES APPLIANC ES LLCg",mhb:maintenance:711pine
"PILOT MURDO SD",per:auto:gas
"PRECISION AUTO",per:auto:maintenance
"PURE COUNTRY RESTA URANT",per:dining
"RINGOLDE gosq com WA -",TODO
"RITE AID 04579 SAULT ST",TODO
"RJ S MARKET SAULT STE",per:groceries
"SAULT ST MARI E COUNSA",per:utility:water:parnell
"SERVICE PRO QUICK LUBE SA",per:auto:maintenance
SHELL,per:auto:gas
"SOO CURLERS ASSOCI ATION",per:dining
"STAX CHLOE S BR IDAL SAUL",TODO
"STINKER #214",per:auto:gas
"SUPER 8 MOTELS","bgm:proj exp:lodging"
"SUPERIOR COFFE E RO",per:dining
"TERMINAL 77827301 SQ *BIRD'S EYE",per:dining
"TERRACE BAY HOTEL LLC GLADSTONE","bgm:proj exp:lodging"
"TEXAS ROADHOUSE","bgm:proj exp:dining"
"TFR  FRM CHECKING",TODO
"TFR  FRM CHECKING",TODO
"TFR  TO  CHECKING",TODO
"TFR  TO  CHECKING",TODO
"TFR  TO CHECKING",TODO
"THE BUBBLE ROOM",TODO
"THE CHOP HOUSE SMOKYS SEVIERVILL","bgm:proj exp:dining"
"THE DAILY WIRE",TODO
"THE GRAND 16 - LAF LAFAYETTE LA","bgm:proj exp:dining"
"The Landmark Inn Marquette MI","bgm:proj exp:lodging"
"THE MACHINE SHO",TODO
"THE MACHINE SHOP SAULT STE. MA C",bgm:draw:fbreen
"THE MACHINE SHOP SAULT STE. MA C",TODO
"THE NEAT COMPAN",TODO
"THE STONEHOUSE ESCANABA MI","bgm:proj exp:dining"
"THE STORE 96 ESCANABA MI",TODO
"THEDRAKERESTAURANT BURLINGTON IA","bgm:proj exp:dining"
"THOSE CATHOLIC MEN INC",bgm:draw:fbreen
"THOSE CATHOLIC MEN INC",TODO
"TITANIC TENNESSEE ADMI",bgm:draw:fbreen
"TITANIC TENNESSEE ADMI",TODO
"TLF COED FLOWER",TODO
"TLF*COED FLOWERS AND G",bgm:draw:fbreen
"TLF*COED FLOWERS AND G",TODO
"Tony Champion",TODO
"TONY CHAMPION PA BILL PAYMT 0514",TODO
"TOTAL RELATIONSHIP SERVICE FEE",TODO
"TRACTOR S 4646 75",TODO
"TRACTOR SUPPLY",TODO
"TRACTOR SUPPLY #78 1 SA",TODO
"TRACTOR SUPPLY #781 SAULT ST MAR",TODO
"TRACTOR-SUPPLY-CO #0644 SOUTH HA",TODO
TRANSFER,TODO
"transfer from CSB",TODO
"TRANSFER FROM DEPOSIT SYSTEM ACC",TODO
"Transfer to CSB Account",TODO
"TRANSFER TO LOAN 50081 Note 1",TODO
"TRANSFER TO LOAN 50083 Note 1",TODO
"TRANSFER TO LOAN 50083 Note 3",TODO
"Transfer to PNC Tax Account",tax:account
"TRF FROM ACC 5560511",TODO
"TRF FROM ACC 5560511 - Credit",TODO
"TRF LOAN ACC  50083 NOTE NO 0000",TODO
"TRF LOAN ACC  52294 NOTE NO 0000",TODO
"TRF LOAN ACC  52294 NOTE NO 0000",TODO
"TRF LOAN ACC  52665 NOTE NO 0000",TODO
"TRF LOAN ACC  54688 NOTE NO 0000",TODO
"TRF TO LOAN ACCT 52294 NOTE NO 0",TODO
"TRF TO LOAN ACCT 52294 NOTE NO 0",TODO
"TRF TO LOAN ACCT 54688 NOTE NO 0",TODO
"TST* GOOD RESTAURANT &",per:dining
"TST* JACK'S RESTAURANT RAPID RIV","bgm:proj exp:dining"
"TST* WINCHESTER S MACKINAC ISLA",bgm:draw:fbreen
"TST* WINCHESTER S MACKINAC ISLA",TODO
"TX BD of Pro Geo RENEW FEE",TODO
"TYME CASH WITHDRAWAL TERMINAL T6",cash:account
"TYME REGIONAL CASH WITHDRAWAL TE",cash:account
"U HAUL MOVING ST G OF DRE",TODO
"U HAULANYTIME TOWI NG AND",TODO
"U P TIRE",per:auto:maintenance
"U P TIRE SAULT S M MI",per:auto:maintenance
UDEMY,TODO
"UP North Nutrition",TODO
"URBAN-OUT 119 EGRA",TODO
"US Treasurer - IRS",TODO
"US Treasury",TODO
"US Treasury",TODO
"USAA CHK-INTRNT TRANSFER",TODO
"USAA CREDIT CARD PAYMENT SAN ANT",cash:account
"USAA CREDIT CARD PAYMENT SAN ANT",TODO
"USAA MC Payment",usaamc:credit
"USAA P&C         AUTOPAY",per:insurance:auto
"USAA P&C AUTOPAY",per:insurance:auto
"USAA P&C EXT",per:insurance:auto
"USAA P&C EXT AUTOPAY",per:insurance:auto
"USAA.COM PAY EXT LIFE",per:insurance:life:fb
"USAA.COM PAY EXT LIFE",TODO
"USAA.COM PAYMNT CREDIT CRD",TODO
"USAA.COM PAYMNT CREDIT CRD",usaamc:credit
"VALUE VILLAGE 2042",bgm:draw:fbreen
"VALUE VILLAGE 2042",TODO
"Vern Miron",TODO
"VISTAPRINT 866 207 4 MA",TODO
"VISTAPRINT 866 207 4 MA -",TODO
w/drawl,cash:account
w/drawl,TODO
w/drawl,TODO
w/drawl,TODO
w/drawl,TODO
"WACKY WINGS EATERY & B",TODO
WAL-MART,TODO
"WAL-MART #0534 LAFAYETTE LA","bgm:proj exp:dining"
"WAL-MART #0578 SEVIERVILLE TN","bgm:proj exp:dining"
"WAL-MART #1294 MARION IN","bgm:proj exp:dining"
"WAL-MART #1540 SOUTH HAVEN MI","bgm:proj exp:dining"
"WAL-MART #1936",bgm:draw:fbreen
"WAL-MART #1936","bgm:proj exp:dining"
"WAL-MART #1936",per:groceries
"WAL-MART #1936 SAULT SAINTE MI",bgm:draw:fbreen
"WAL-MART #1936 SAULT SAINTE MI",TODO
"WAL-MART #2822 WALKER LA","bgm:proj exp:dining"
"WAL-MART #2866 OKEMOS MI","bgm:proj exp:dining"
"WAL-MART #7301 CARENCRO LA","bgm:proj exp:dining"
"WAL-MART SUPER",TODO
"Wal-Mart Super",TODO
"Wal-Mart Super Cen","bgm:proj exp:dining"
"Wal-Mart Super Cen",TODO
"Wal-Mart Super Center1","bgm:proj exp:dining"
"Wal-Mart Super Center1",TODO
"WAL-MART SUPERCENTER",TODO
WALGREENS,TODO
"WALGREENS #10405",bgm:draw:fbreen
"WALGREENS #10405",TODO
"WALGREENS #10405 SAULT S MARIE M",bgm:draw:fbreen
"WALGREENS #10405 SAULT S MARIE M",TODO
"WALGREENS 10405 SAULT S M",TODO
"WALGREENS STOR",bgm:draw:fbreen
"WALGREENS STOR",TODO
"WALGREENS STORE",TODO
"WALGREENS STORE 21",TODO
"Wall St. Journal",TODO
"War Memorial",TODO
"War Memorial",TODO
WENDOVER,per:auto:gas
"WESTWOOD INN & SUITES",per:nv:lodging
"WHITETAIL CROSSING TOMAHT",per:auto:gas
"WIRE LESS 10.00 FEE/ MITCHEL GOR",TODO
"WIRE LESS 10.00 FEE/ MITCHELL GO",TODO
"WISE OWL TECHNO",TODO
"WISE OWL TECHNOLOGIES",TODO
"WISE OWL TECHNOLOGIES 800-449801",TODO
"WISE OWL TECHNOLOGIES SAULT SAIN",TODO
WITHDRAWAL,cash:account
Withdrawal,cash:account
WITHDRAWAL,per:bank:fee
WITHDRAWAL,tax:account
WITHDRAWAL,TODO
WITHDRAWAL,TODO
"WM SUPERC Wal-Mart",TODO
"WM SUPERCENTER",bgm:draw:fbreen
"WM SUPERCENTER","bgm:proj exp:dining"
"WM SUPERCENTER",TODO
"WM SUPERCENTER",TODO
"WM SUPERCENTER #1540 SOUTH HAVEN","bgm:proj exp:dining"
"WM SUPERCENTER #1936",bgm:draw:fbreen
"WM SUPERCENTER #1936",per:groceries
"WM SUPERCENTER #2938 LAFAYETTE L","bgm:proj exp:dining"
"WM SUPERCENTER #402 BREAUX BRIDG","bgm:proj exp:dining"
"WM SUPERCENTER #7301 CARENCRO LA","bgm:proj exp:dining"
"WOODLAKE MARKET KOHLER WI","bgm:proj exp:dining"
"WPY*DEANA COWLEY",bgm:draw:fbreen
"WPY*DEANA COWLEY",TODO
WPY*GOFUNDME,bgm:draw:fbreen
WPY*GOFUNDME,TODO
"XMIND LTD CENTRAL HK",TODO
YESWAY,per:auto:gas
"YESWAY 1174 EDGEMONT SD -",per:auto:gas
"YOUNKERS #0442",bgm:draw:fbreen
"YOUNKERS #0442",TODO
"YPS*HOMEAWAY HA-RZ0QLH 866-210-6",bgm:draw:fbreen
"YPS*HOMEAWAY HA-RZ0QLH 866-210-6",TODO
"ZOOM.US 888-799-9666",TODO
"ZORBAS GREEK AMERI CAN RE",per:dining
"ZORBAS GREEK AMERICAN",bgm:draw:fbreen
"ZORBAS GREEK AMERICAN",per:dining
"ZORBAS GREEK AMERICAN",TODO
"ZURICH AMERICAN PAYMENTS",TODO
,per:dining
,TODO
,TODO
